filename,dc.title,dc.contributor,dc.date.issued,dc.description
Alabama.pdf,,,03/12/2019,
Alaska.pdf,,,03/12/2019,
American Samoa.pdf,,,03/12/2019,
Arizona.pdf,,,03/12/2019,
Arkansas.pdf,,,03/12/2019,
California.pdf,,,03/12/2019,
Colorado.pdf,,,03/12/2019,
Connecticut.pdf,,,03/12/2019,
Delaware.pdf,,,03/12/2019,
District of Columbia.pdf,,,03/12/2019,
Florida.pdf,,,03/12/2019,
Georgia.pdf,,,03/12/2019,
Guam.pdf,,,03/12/2019,
Hawaii.pdf,,,03/12/2019,
Idaho.pdf,,,03/12/2019,
Illinois.pdf,,,03/12/2019,
Indiana.pdf,,,03/12/2019,
Iowa.pdf,,,03/12/2019,
Kansas.pdf,,,03/12/2019,
Kentucky.pdf,,,03/12/2019,
Louisiana.pdf,,,03/12/2019,
Maine.pdf,,,03/12/2019,
Maryland.pdf,,,03/12/2019,
Massachusetts.pdf,,,03/12/2019,
Michigan.pdf,,,03/12/2019,
Minnesota.pdf,,,03/12/2019,
Mississippi.pdf,,,03/12/2019,
Missouri.pdf,,,03/12/2019,
Montana.pdf,,,03/12/2019,
Nebraska.pdf,,,03/12/2019,
Nevada.pdf,,,03/12/2019,
New Hampshire.pdf,,,03/12/2019,
New Jersey.pdf,,,03/12/2019,
New Mexico.pdf,,,03/12/2019,
New York.pdf,,,03/12/2019,
North Carolina.pdf,,,03/12/2019,
North Dakota.pdf,,,03/12/2019,
Northern Marianas Islands.pdf,,,03/12/2019,
Ohio.pdf,,,03/12/2019,
Oklahoma.pdf,,,03/12/2019,
Oregon.pdf,,,03/12/2019,
Pennsylvania.pdf,,,03/12/2019,
Puerto Rico.pdf,,,03/12/2019,
Rhode Island.pdf,,,03/12/2019,
South Carolina.pdf,,,03/12/2019,
South Dakota.pdf,,,03/12/2019,
Tennessee.pdf,,,03/12/2019,
Texas.pdf,,,03/12/2019,
Utah.pdf,,,03/12/2019,
Vermont.pdf,,,03/12/2019,
Virgin Islands.pdf,,,03/12/2019,
Virginia.pdf,,,03/12/2019,
Washington.pdf,,,03/12/2019,
West Virginia.pdf,,,03/12/2019,
Wisconsin.pdf,,,03/12/2019,
Wyoming.pdf,,,03/12/2019,

